,Vernier,Cam,L,Lambda,Lp,Ld,Time
0,0.25,3.18094906124988,1.601015709641984,1.2823491006303878,1.5848085696137346,1.6172228496702332,9.298178434371948
1,0.25,3.180949061249882,1.6010157096419841,1.2823491006303878,1.5848085696137346,1.6172228496702332,0.04983186721801758
2,0.25,3.180949061249882,1.6010157096419841,1.2823491006303878,1.5848085696137346,1.6172228496702332,0.04487729072570801
3,0.25,3.18094906124988,1.601015709641984,1.2823491006303878,1.5848085696137346,1.6172228496702332,0.04188704490661621
4,0.25,3.180949061249882,1.6010157096419841,1.2823491006303878,1.5848085696137346,1.6172228496702332,0.04188656806945801
5,0.25,3.18094906124988,1.601015709641984,1.2823491006303878,1.5848085696137346,1.6172228496702332,0.04188704490661621
6,0.25,3.180949061249882,1.6010157096419841,1.2823491006303878,1.5848085696137346,1.6172228496702332,0.046874284744262695
7,0.25,3.18094906124988,1.601015709641984,1.2823491006303878,1.5848085696137346,1.6172228496702332,0.04587745666503906
8,0.25,3.18094906124988,1.601015709641984,1.2823491006303878,1.5848085696137346,1.6172228496702332,0.04587602615356445
9,0.25,3.180949061249882,1.6010157096419841,1.2823491006303878,1.5848085696137346,1.6172228496702332,0.043883562088012695
10,0.25,3.180949061249882,1.6010157096419841,1.2823491006303878,1.5848085696137346,1.6172228496702332,0.04185318946838379
11,0.25,3.180949061249882,1.6010157096419841,1.2823491006303878,1.5848085696137346,1.6172228496702332,0.04388117790222168
12,0.25,3.180949061249882,1.6010157096419841,1.2823491006303878,1.5848085696137346,1.6172228496702332,0.04384589195251465
13,0.25,3.180949061249882,1.6010157096419841,1.2823491006303878,1.5848085696137346,1.6172228496702332,0.04986572265625
14,0.25,3.180949061249882,1.6010157096419841,1.2823491006303878,1.5848085696137346,1.6172228496702332,0.04388117790222168
15,0.25,3.180949061249882,1.6010157096419841,1.2823491006303878,1.5848085696137346,1.6172228496702332,0.041887521743774414
16,0.25,3.180949061249882,1.6010157096419841,1.2823491006303878,1.5848085696137346,1.6172228496702332,0.05189228057861328
17,0.25,3.180949061249882,1.6010157096419841,1.2823491006303878,1.5848085696137346,1.6172228496702332,0.04690408706665039
18,0.25,3.1814087208778172,1.6010157096419841,1.2823491006303878,1.597862034079426,1.6172228496702332,0.04986000061035156
19,0.25,3.180949061249882,1.6010157096419841,1.2823491006303878,1.5848085696137346,1.6172228496702332,0.0448765754699707
20,0.25,3.1814087208778172,1.6010157096419841,1.2823491006303878,1.597862034079426,1.6172228496702332,0.046898841857910156
21,0.25,3.1814087208778172,1.6010157096419841,1.2823491006303878,1.597862034079426,1.6172228496702332,0.05086469650268555
22,0.25,3.1814087208778172,1.6010157096419841,1.2823491006303878,1.597862034079426,1.6172228496702332,0.04587888717651367
23,0.25,3.1814087208778172,1.6010157096419841,1.2823491006303878,1.597862034079426,1.6172228496702332,0.048905134201049805
24,0.25,3.1814087208778172,1.6010157096419841,1.2823491006303878,1.597862034079426,1.6172228496702332,0.04288649559020996
25,0.25,3.1814087208778172,1.6010157096419841,1.2823491006303878,1.597862034079426,1.6172228496702332,0.0498661994934082
26,0.25,3.180949061249882,1.6010157096419841,1.2823491006303878,1.5848085696137346,1.6172228496702332,0.04687619209289551
27,0.25,3.1814087208778172,1.6010157096419841,1.2823491006303878,1.597862034079426,1.6172228496702332,0.045877695083618164
28,0.25,3.1814087208778172,1.6010157096419841,1.2823491006303878,1.597862034079426,1.6172228496702332,0.04591059684753418
29,0.25,3.1814087208778172,1.6010157096419841,1.2823491006303878,1.597862034079426,1.6172228496702332,0.12765955924987793
30,0.25,3.1814087208778172,1.6010157096419841,1.2823491006303878,1.597862034079426,1.6172228496702332,0.04787254333496094
31,0.25,3.1814087208778172,1.6010157096419841,1.2823491006303878,1.597862034079426,1.6172228496702332,0.054851531982421875
32,0.25,3.1814087208778172,1.6010157096419841,1.2823491006303878,1.597862034079426,1.6172228496702332,0.04587578773498535
33,0.25,3.1814087208778172,1.6010157096419841,1.2823491006303878,1.597862034079426,1.6172228496702332,0.04882478713989258
34,0.25,3.1814087208778172,1.6010157096419841,1.2823491006303878,1.597862034079426,1.6172228496702332,0.04587745666503906
35,0.25,3.1814087208778172,1.6010157096419841,1.2823491006303878,1.597862034079426,1.6172228496702332,0.047872066497802734
36,0.25,3.1814087208778172,1.6010157096419841,1.2823491006303878,1.597862034079426,1.6172228496702332,0.05186176300048828
37,0.25,3.1814087208778172,1.6010157096419841,1.2823491006303878,1.597862034079426,1.6172228496702332,0.0498652458190918
38,0.25,3.180949061249882,1.6010157096419841,1.2823491006303878,1.5848085696137346,1.6172228496702332,0.04787182807922363
39,0.25,3.180949061249882,1.6010157096419841,1.2823491006303878,1.5848085696137346,1.6172228496702332,0.0498661994934082
40,0.25,3.180949061249882,1.6010157096419841,1.2823491006303878,1.5848085696137346,1.6172228496702332,0.050864219665527344
41,0.25,3.1814087208778172,1.6010157096419841,1.2823491006303878,1.597862034079426,1.6172228496702332,0.0488283634185791
42,0.25,3.1814087208778172,1.6010157096419841,1.2823491006303878,1.597862034079426,1.6172228496702332,0.04787135124206543
43,0.25,3.1814087208778172,1.6010157096419841,1.2823491006303878,1.597862034079426,1.6172228496702332,0.046874284744262695
44,0.25,3.1814087208778172,1.6010157096419841,1.2823491006303878,1.597862034079426,1.6172228496702332,0.0498652458190918
45,0.25,3.1814087208778172,1.6010157096419841,1.2823491006303878,1.597862034079426,1.6172228496702332,0.046874046325683594
46,0.25,3.1814087208778172,1.6010157096419841,1.2823491006303878,1.597862034079426,1.6172228496702332,0.05385541915893555
47,0.25,3.1814087208778172,1.6010157096419841,1.2823491006303878,1.597862034079426,1.6172228496702332,0.046874284744262695
48,0.25,3.1814087208778172,1.6010157096419841,1.2823491006303878,1.597862034079426,1.6172228496702332,0.0498659610748291
49,0.25,3.1814087208778172,1.6010157096419841,1.2823491006303878,1.597862034079426,1.6172228496702332,0.050864219665527344
50,0.25,3.180949061249882,1.6010157096419841,1.2823491006303878,1.5848085696137346,1.6172228496702332,0.05585074424743652
51,0.25,3.1814087208778172,1.6010157096419841,1.2823491006303878,1.597862034079426,1.6172228496702332,0.04787302017211914
52,0.25,3.1814087208778172,1.6010157096419841,1.2823491006303878,1.597862034079426,1.6172228496702332,0.05585145950317383
53,0.25,3.1814087208778172,1.6010157096419841,1.2823491006303878,1.597862034079426,1.6172228496702332,0.05186128616333008
54,0.25,3.180949061249882,1.6010157096419841,1.2823491006303878,1.5848085696137346,1.6172228496702332,0.049866676330566406
55,0.25,3.180949061249882,1.6010157096419841,1.2823491006303878,1.5848085696137346,1.6172228496702332,0.04886937141418457
56,0.25,3.1814087208778172,1.6010157096419841,1.2823491006303878,1.597862034079426,1.6172228496702332,0.05585122108459473
57,0.25,3.1814087208778172,1.6010157096419841,1.2823491006303878,1.597862034079426,1.6172228496702332,0.05385589599609375
58,0.25,3.180949061249882,1.6010157096419841,1.2823491006303878,1.5848085696137346,1.6172228496702332,0.04784107208251953
59,0.25,3.180949061249882,1.6010157096419841,1.2823491006303878,1.5848085696137346,1.6172228496702332,0.052858591079711914
60,0.25,3.180949061249882,1.6010157096419841,1.2823491006303878,1.5848085696137346,1.6172228496702332,0.04886794090270996
61,0.25,3.180949061249882,1.6010157096419841,1.2823491006303878,1.5848085696137346,1.6172228496702332,0.05186176300048828
62,0.25,3.180949061249882,1.6010157096419841,1.2823491006303878,1.5848085696137346,1.6172228496702332,0.04986739158630371
63,0.25,3.180949061249882,1.6010157096419841,1.2823491006303878,1.5848085696137346,1.6172228496702332,0.04986715316772461
64,0.25,3.180949061249882,1.6010157096419841,1.2823491006303878,1.5848085696137346,1.6172228496702332,0.04982399940490723
65,0.25,3.180949061249882,1.6010157096419841,1.2823491006303878,1.5848085696137346,1.6172228496702332,0.049866437911987305
66,0.25,3.180949061249882,1.6010157096419841,1.2823491006303878,1.5848085696137346,1.6172228496702332,0.05086398124694824
67,0.25,3.180949061249882,1.6010157096419841,1.2823491006303878,1.5848085696137346,1.6172228496702332,0.05082368850708008
68,0.25,3.180949061249882,1.6010157096419841,1.2823491006303878,1.5848085696137346,1.6172228496702332,0.055844783782958984
69,0.25,3.180949061249882,1.6010157096419841,1.2823491006303878,1.5848085696137346,1.6172228496702332,0.060831546783447266
70,0.25,3.180949061249882,1.6010157096419841,1.2823491006303878,1.5848085696137346,1.6172228496702332,0.05580854415893555
71,0.25,3.180949061249882,1.6010157096419841,1.2823491006303878,1.5848085696137346,1.6172228496702332,0.04986691474914551
72,0.25,3.180949061249882,1.6010157096419841,1.2823491006303878,1.5848085696137346,1.6172228496702332,0.05684947967529297
73,0.25,3.180949061249882,1.6010157096419841,1.2823491006303878,1.5848085696137346,1.6172228496702332,0.05186128616333008
74,0.25,3.180949061249882,1.6010157096419841,1.2823491006303878,1.5848085696137346,1.6172228496702332,0.05983853340148926
75,0.25,3.180949061249882,1.6010157096419841,1.2823491006303878,1.5848085696137346,1.6172228496702332,0.05385446548461914
76,0.25,3.180949061249882,1.6010157096419841,1.2823491006303878,1.5848085696137346,1.6172228496702332,0.0528569221496582
77,0.25,3.180949061249882,1.6010157096419841,1.2823491006303878,1.5848085696137346,1.6172228496702332,0.05585002899169922
78,0.25,3.180949061249882,1.6010157096419841,1.2823491006303878,1.5848085696137346,1.6172228496702332,0.052858591079711914
79,0.25,3.180949061249882,1.6010157096419841,1.2823491006303878,1.5848085696137346,1.6172228496702332,0.05186152458190918
80,0.25,3.180949061249882,1.6010157096419841,1.2823491006303878,1.5848085696137346,1.6172228496702332,0.05684804916381836
81,0.25,3.180949061249882,1.6010157096419841,1.2823491006303878,1.5848085696137346,1.6172228496702332,0.05285906791687012
82,0.25,3.180949061249882,1.6010157096419841,1.2823491006303878,1.5848085696137346,1.6172228496702332,0.052858829498291016
83,0.25,3.180949061249882,1.6010157096419841,1.2823491006303878,1.5848085696137346,1.6172228496702332,0.05186128616333008
84,0.25,3.180949061249882,1.6010157096419841,1.2823491006303878,1.5848085696137346,1.6172228496702332,0.05585074424743652
85,0.25,3.180949061249882,1.6010157096419841,1.2823491006303878,1.5848085696137346,1.6172228496702332,0.052857160568237305
86,0.25,3.180949061249882,1.6010157096419841,1.2823491006303878,1.5848085696137346,1.6172228496702332,0.05385446548461914
87,0.25,3.180949061249882,1.6010157096419841,1.2823491006303878,1.5848085696137346,1.6172228496702332,0.05186033248901367
88,0.25,3.180949061249882,1.6010157096419841,1.2823491006303878,1.5848085696137346,1.6172228496702332,0.057845354080200195
89,0.25,3.180949061249882,1.6010157096419841,1.2823491006303878,1.5848085696137346,1.6172228496702332,0.05186128616333008
90,0.25,3.180949061249882,1.6010157096419841,1.2823491006303878,1.5848085696137346,1.6172228496702332,0.05385589599609375
91,0.25,3.180949061249882,1.6010157096419841,1.2823491006303878,1.5848085696137346,1.6172228496702332,0.05684638023376465
92,0.25,3.180949061249882,1.6010157096419841,1.2823491006303878,1.5848085696137346,1.6172228496702332,0.05983996391296387
93,0.25,3.180949061249882,1.6010157096419841,1.2823491006303878,1.5848085696137346,1.6172228496702332,0.06183481216430664
94,0.25,3.180949061249882,1.6010157096419841,1.2823491006303878,1.5848085696137346,1.6172228496702332,0.06282997131347656
95,0.25,3.180949061249882,1.6010157096419841,1.2823491006303878,1.5848085696137346,1.6172228496702332,0.05879974365234375
96,0.25,3.180949061249882,1.6010157096419841,1.2823491006303878,1.5848085696137346,1.6172228496702332,0.06682133674621582
97,0.25,3.180949061249882,1.6010157096419841,1.2823491006303878,1.5848085696137346,1.6172228496702332,0.07081079483032227
98,0.25,3.180949061249882,1.6010157096419841,1.2823491006303878,1.5848085696137346,1.6172228496702332,0.05984091758728027
99,0.25,3.180949061249882,1.6010157096419841,1.2823491006303878,1.5848085696137346,1.6172228496702332,0.06383013725280762
100,0.25,3.180949061249882,1.6010157096419841,1.2823491006303878,1.5848085696137346,1.6172228496702332,0.060838937759399414
101,0.25,3.180949061249882,1.6010157096419841,1.2823491006303878,1.5848085696137346,1.6172228496702332,0.05884265899658203
102,0.25,3.180949061249882,1.6010157096419841,1.2823491006303878,1.5848085696137346,1.6172228496702332,0.05684804916381836
103,0.25,3.180949061249882,1.6010157096419841,1.2823491006303878,1.5848085696137346,1.6172228496702332,0.0578460693359375
104,0.25,3.180949061249882,1.6010157096419841,1.2823491006303878,1.5848085696137346,1.6172228496702332,0.06682085990905762
105,0.25,3.180949061249882,1.6010157096419841,1.2823491006303878,1.5848085696137346,1.6172228496702332,0.05884242057800293
106,0.25,3.180949061249882,1.6010157096419841,1.2823491006303878,1.5848085696137346,1.6172228496702332,0.06183338165283203
107,0.25,3.180949061249882,1.6010157096419841,1.2823491006303878,1.5848085696137346,1.6172228496702332,0.059870004653930664
108,0.25,3.180949061249882,1.6010157096419841,1.2823491006303878,1.5848085696137346,1.6172228496702332,0.05884122848510742
109,0.25,3.180949061249882,1.6010157096419841,1.2823491006303878,1.5848085696137346,1.6172228496702332,0.06187248229980469
110,0.25,3.180949061249882,1.6010157096419841,1.2823491006303878,1.5848085696137346,1.6172228496702332,0.0658113956451416
111,0.25,3.180949061249882,1.6010157096419841,1.2823491006303878,1.5848085696137346,1.6172228496702332,0.07081055641174316
112,0.25,3.180949061249882,1.6010157096419841,1.2823491006303878,1.5848085696137346,1.6172228496702332,0.0688164234161377
113,0.25,3.180949061249882,1.6010157096419841,1.2823491006303878,1.5848085696137346,1.6172228496702332,0.07383227348327637
114,0.25,3.180949061249882,1.6010157096419841,1.2823491006303878,1.5848085696137346,1.6172228496702332,0.06282806396484375
115,0.25,3.180949061249882,1.6010157096419841,1.2823491006303878,1.5848085696137346,1.6172228496702332,0.06179690361022949
116,0.25,3.180949061249882,1.6010157096419841,1.2823491006303878,1.5848085696137346,1.6172228496702332,0.07176470756530762
117,0.25,3.180949061249882,1.6010157096419841,1.2823491006303878,1.5848085696137346,1.6172228496702332,0.06179690361022949
118,0.25,3.180949061249882,1.6010157096419841,1.2823491006303878,1.5848085696137346,1.6172228496702332,0.06877970695495605
119,0.25,3.180949061249882,1.6010157096419841,1.2823491006303878,1.5848085696137346,1.6172228496702332,0.06079435348510742
120,0.25,3.180949061249882,1.6010157096419841,1.2823491006303878,1.5848085696137346,1.6172228496702332,0.06479120254516602
121,0.25,3.180949061249882,1.6010157096419841,1.2823491006303878,1.5848085696137346,1.6172228496702332,0.06481385231018066
122,0.25,3.180949061249882,1.6010157096419841,1.2823491006303878,1.5848085696137346,1.6172228496702332,0.06283068656921387
123,0.25,3.1814087208778172,1.6010157096419841,1.2823491006303878,1.597862034079426,1.6172228496702332,0.05984044075012207
124,0.25,3.1814087208778172,1.6010157096419841,1.2823491006303878,1.597862034079426,1.6172228496702332,0.06582307815551758
125,0.25,3.180949061249882,1.6010157096419841,1.2823491006303878,1.5848085696137346,1.6172228496702332,0.06286191940307617
126,0.25,3.180949061249882,1.6010157096419841,1.2823491006303878,1.5848085696137346,1.6172228496702332,0.06582188606262207
127,0.25,3.180949061249882,1.6010157096419841,1.2823491006303878,1.5848085696137346,1.6172228496702332,0.06482529640197754
128,0.25,3.180949061249882,1.6010157096419841,1.2823491006303878,1.5848085696137346,1.6172228496702332,0.06881523132324219
129,0.25,3.180949061249882,1.6010157096419841,1.2823491006303878,1.5848085696137346,1.6172228496702332,0.061833858489990234
130,0.25,3.180949061249882,1.6010157096419841,1.2823491006303878,1.5848085696137346,1.6172228496702332,0.0638284683227539
131,0.25,3.180949061249882,1.6010157096419841,1.2823491006303878,1.5848085696137346,1.6172228496702332,0.06781744956970215
132,0.25,3.180949061249882,1.6010157096419841,1.2823491006303878,1.5848085696137346,1.6172228496702332,0.06582260131835938
133,0.25,3.180949061249882,1.6010157096419841,1.2823491006303878,1.5848085696137346,1.6172228496702332,0.06881451606750488
134,0.25,3.180949061249882,1.6010157096419841,1.2823491006303878,1.5848085696137346,1.6172228496702332,0.06682133674621582
135,0.25,3.180949061249882,1.6010157096419841,1.2823491006303878,1.5848085696137346,1.6172228496702332,0.06781911849975586
136,0.25,3.180949061249882,1.6010157096419841,1.2823491006303878,1.5848085696137346,1.6172228496702332,0.06482744216918945
137,0.25,3.180949061249882,1.6010157096419841,1.2823491006303878,1.5848085696137346,1.6172228496702332,0.06681990623474121
138,0.25,3.180949061249882,1.6010157096419841,1.2823491006303878,1.5848085696137346,1.6172228496702332,0.06682229042053223
139,0.25,3.180949061249882,1.6010157096419841,1.2823491006303878,1.5848085696137346,1.6172228496702332,0.06981229782104492
140,0.25,3.180949061249882,1.6010157096419841,1.2823491006303878,1.5848085696137346,1.6172228496702332,0.0718085765838623
141,0.25,3.180949061249882,1.6010157096419841,1.2823491006303878,1.5848085696137346,1.6172228496702332,0.06777429580688477
142,0.25,3.180949061249882,1.6010157096419841,1.2823491006303878,1.5848085696137346,1.6172228496702332,0.07077646255493164
143,0.25,3.180949061249882,1.6010157096419841,1.2823491006303878,1.5848085696137346,1.6172228496702332,0.06380033493041992
144,0.25,3.180949061249882,1.6010157096419841,1.2823491006303878,1.5848085696137346,1.6172228496702332,0.07380414009094238
145,0.25,3.180949061249882,1.6010157096419841,1.2823491006303878,1.5848085696137346,1.6172228496702332,0.07380342483520508
146,0.25,3.180949061249882,1.6010157096419841,1.2823491006303878,1.5848085696137346,1.6172228496702332,0.07280540466308594
147,0.25,3.180949061249882,1.6010157096419841,1.2823491006303878,1.5848085696137346,1.6172228496702332,0.0638284683227539
148,0.25,3.180949061249882,1.6010157096419841,1.2823491006303878,1.5848085696137346,1.6172228496702332,0.06283068656921387
149,0.25,3.180949061249882,1.6010157096419841,1.2823491006303878,1.5848085696137346,1.6172228496702332,0.06881451606750488
150,0.25,3.180949061249882,1.6010157096419841,1.2823491006303878,1.5848085696137346,1.6172228496702332,0.06582403182983398
151,0.25,3.180949061249882,1.6010157096419841,1.2823491006303878,1.5848085696137346,1.6172228496702332,0.07480025291442871
152,0.25,3.180949061249882,1.6010157096419841,1.2823491006303878,1.5848085696137346,1.6172228496702332,0.07779240608215332
153,0.25,3.180949061249882,1.6010157096419841,1.2823491006303878,1.5848085696137346,1.6172228496702332,0.06681966781616211
154,0.25,3.180949061249882,1.6010157096419841,1.2823491006303878,1.5848085696137346,1.6172228496702332,0.06482529640197754
155,0.25,3.180949061249882,1.6010157096419841,1.2823491006303878,1.5848085696137346,1.6172228496702332,0.07277083396911621
156,0.25,3.180949061249882,1.6010157096419841,1.2823491006303878,1.5848085696137346,1.6172228496702332,0.07579779624938965
157,0.25,3.180949061249882,1.6010157096419841,1.2823491006303878,1.5848085696137346,1.6172228496702332,0.07280635833740234
158,0.25,3.180949061249882,1.6010157096419841,1.2823491006303878,1.5848085696137346,1.6172228496702332,0.07878780364990234
159,0.25,3.180949061249882,1.6010157096419841,1.2823491006303878,1.5848085696137346,1.6172228496702332,0.06383132934570312
160,0.25,3.180949061249882,1.6010157096419841,1.2823491006303878,1.5848085696137346,1.6172228496702332,0.0718073844909668
161,0.25,3.180949061249882,1.6010157096419841,1.2823491006303878,1.5848085696137346,1.6172228496702332,0.06582427024841309
162,0.25,3.180949061249882,1.6010157096419841,1.2823491006303878,1.5848085696137346,1.6172228496702332,0.06781840324401855
163,0.25,3.180949061249882,1.6010157096419841,1.2823491006303878,1.5848085696137346,1.6172228496702332,0.0827782154083252
164,0.25,3.180949061249882,1.6010157096419841,1.2823491006303878,1.5848085696137346,1.6172228496702332,0.08178162574768066
165,0.25,3.180949061249882,1.6010157096419841,1.2823491006303878,1.5848085696137346,1.6172228496702332,0.08277726173400879
166,0.25,3.180949061249882,1.6010157096419841,1.2823491006303878,1.5848085696137346,1.6172228496702332,0.07579588890075684
167,0.25,3.180949061249882,1.6010157096419841,1.2823491006303878,1.5848085696137346,1.6172228496702332,0.06682181358337402
168,0.25,3.180949061249882,1.6010157096419841,1.2823491006303878,1.5848085696137346,1.6172228496702332,0.07280516624450684
169,0.25,3.180949061249882,1.6010157096419841,1.2823491006303878,1.5848085696137346,1.6172228496702332,0.06681990623474121
170,0.25,3.180949061249882,1.6010157096419841,1.2823491006303878,1.5848085696137346,1.6172228496702332,0.07679414749145508
171,0.25,3.180949061249882,1.6010157096419841,1.2823491006303878,1.5848085696137346,1.6172228496702332,0.06778907775878906
172,0.25,3.180949061249882,1.6010157096419841,1.2823491006303878,1.5848085696137346,1.6172228496702332,0.06881499290466309
173,0.25,3.180949061249882,1.6010157096419841,1.2823491006303878,1.5848085696137346,1.6172228496702332,0.06981348991394043
174,0.25,3.180949061249882,1.6010157096419841,1.2823491006303878,1.5848085696137346,1.6172228496702332,0.0688161849975586
175,0.25,3.180949061249882,1.6010157096419841,1.2823491006303878,1.5848085696137346,1.6172228496702332,0.07679319381713867
176,0.25,3.180949061249882,1.6010157096419841,1.2823491006303878,1.5848085696137346,1.6172228496702332,0.06881546974182129
177,0.25,3.180949061249882,1.6010157096419841,1.2823491006303878,1.5848085696137346,1.6172228496702332,0.0688161849975586
178,0.25,3.180949061249882,1.6010157096419841,1.2823491006303878,1.5848085696137346,1.6172228496702332,0.06881570816040039
179,0.25,3.180949061249882,1.6010157096419841,1.2823491006303878,1.5848085696137346,1.6172228496702332,0.07180666923522949
180,0.25,3.180949061249882,1.6010157096419841,1.2823491006303878,1.5848085696137346,1.6172228496702332,0.08078575134277344
181,0.25,3.180949061249882,1.6010157096419841,1.2823491006303878,1.5848085696137346,1.6172228496702332,0.06881451606750488
182,0.25,3.180949061249882,1.6010157096419841,1.2823491006303878,1.5848085696137346,1.6172228496702332,0.06781816482543945
183,0.25,3.180949061249882,1.6010157096419841,1.2823491006303878,1.5848085696137346,1.6172228496702332,0.07180666923522949
184,0.25,3.180949061249882,1.6010157096419841,1.2823491006303878,1.5848085696137346,1.6172228496702332,0.06981348991394043
185,0.25,3.180949061249882,1.6010157096419841,1.2823491006303878,1.5848085696137346,1.6172228496702332,0.08081459999084473
186,0.25,3.180949061249882,1.6010157096419841,1.2823491006303878,1.5848085696137346,1.6172228496702332,0.07380223274230957
187,0.25,3.1814087208778172,1.6010157096419841,1.2823491006303878,1.597862034079426,1.6172228496702332,0.07579731941223145
188,0.25,3.1814087208778172,1.6010157096419841,1.2823491006303878,1.597862034079426,1.6172228496702332,0.07978558540344238
189,0.25,3.1814087208778172,1.6010157096419841,1.2823491006303878,1.597862034079426,1.6172228496702332,0.07779455184936523
190,0.25,3.1814087208778172,1.6010157096419841,1.2823491006303878,1.597862034079426,1.6172228496702332,0.08273887634277344
191,0.25,3.1814087208778172,1.6010157096419841,1.2823491006303878,1.597862034079426,1.6172228496702332,0.06981182098388672
192,0.25,3.1814087208778172,1.6010157096419841,1.2823491006303878,1.597862034079426,1.6172228496702332,0.07380127906799316
193,0.25,3.1814087208778172,1.6010157096419841,1.2823491006303878,1.597862034079426,1.6172228496702332,0.074798583984375
194,0.25,3.1814087208778172,1.6010157096419841,1.2823491006303878,1.597862034079426,1.6172228496702332,0.06781721115112305
195,0.25,3.1814087208778172,1.6010157096419841,1.2823491006303878,1.597862034079426,1.6172228496702332,0.07679414749145508
196,0.25,3.1814087208778172,1.6010157096419841,1.2823491006303878,1.597862034079426,1.6172228496702332,0.06981253623962402
197,0.25,3.180949061249882,1.6010157096419841,1.2823491006303878,1.5848085696137346,1.6172228496702332,0.07480001449584961
198,0.25,3.180949061249882,1.6010157096419841,1.2823491006303878,1.5848085696137346,1.6172228496702332,0.06981325149536133
199,0.25,3.180949061249882,1.6010157096419841,1.2823491006303878,1.5848085696137346,1.6172228496702332,0.07480144500732422
200,0.25,3.1814087208778172,1.6010157096419841,1.2823491006303878,1.597862034079426,1.6172228496702332,0.07380294799804688
201,0.25,3.180949061249882,1.6010157096419841,1.2823491006303878,1.5848085696137346,1.6172228496702332,0.07679295539855957
202,0.25,3.180949061249882,1.6010157096419841,1.2823491006303878,1.5848085696137346,1.6172228496702332,0.07081055641174316
203,0.25,3.180949061249882,1.6010157096419841,1.2823491006303878,1.5848085696137346,1.6172228496702332,0.07080936431884766
204,0.25,3.180949061249882,1.6010157096419841,1.2823491006303878,1.5848085696137346,1.6172228496702332,0.07280373573303223
205,0.25,3.180949061249882,1.6010157096419841,1.2823491006303878,1.5848085696137346,1.6172228496702332,0.07081103324890137
206,0.25,3.180949061249882,1.6010157096419841,1.2823491006303878,1.5848085696137346,1.6172228496702332,0.07081103324890137
207,0.25,3.180949061249882,1.6010157096419841,1.2823491006303878,1.5848085696137346,1.6172228496702332,0.07080912590026855
208,0.25,3.180949061249882,1.6010157096419841,1.2823491006303878,1.5848085696137346,1.6172228496702332,0.0747983455657959
209,0.25,3.180949061249882,1.6010157096419841,1.2823491006303878,1.5848085696137346,1.6172228496702332,0.074798583984375
210,0.25,3.1814087208778172,1.6010157096419841,1.2823491006303878,1.597862034079426,1.6172228496702332,0.07380223274230957
211,0.25,3.1814087208778172,1.6010157096419841,1.2823491006303878,1.597862034079426,1.6172228496702332,0.07579731941223145
212,0.25,3.1814087208778172,1.6010157096419841,1.2823491006303878,1.597862034079426,1.6172228496702332,0.07184052467346191
213,0.25,3.1814087208778172,1.6010157096419841,1.2823491006303878,1.597862034079426,1.6172228496702332,0.07280588150024414
214,0.25,3.1814087208778172,1.6010157096419841,1.2823491006303878,1.597862034079426,1.6172228496702332,0.0747988224029541
215,0.25,3.1814087208778172,1.6010157096419841,1.2823491006303878,1.597862034079426,1.6172228496702332,0.0827791690826416
216,0.25,3.1814087208778172,1.6010157096419841,1.2823491006303878,1.597862034079426,1.6172228496702332,0.07978582382202148
217,0.25,3.1814087208778172,1.6010157096419841,1.2823491006303878,1.597862034079426,1.6172228496702332,0.07978630065917969
218,0.25,3.1814087208778172,1.6010157096419841,1.2823491006303878,1.597862034079426,1.6172228496702332,0.07380175590515137
219,0.25,3.1814087208778172,1.6010157096419841,1.2823491006303878,1.597862034079426,1.6172228496702332,0.08277750015258789
220,0.25,3.1814087208778172,1.6010157096419841,1.2823491006303878,1.597862034079426,1.6172228496702332,0.08277750015258789
221,0.25,3.1814087208778172,1.6010157096419841,1.2823491006303878,1.597862034079426,1.6172228496702332,0.074798583984375
222,0.25,3.1814087208778172,1.6010157096419841,1.2823491006303878,1.597862034079426,1.6172228496702332,0.08577132225036621
223,0.25,3.1814087208778172,1.6010157096419841,1.2823491006303878,1.597862034079426,1.6172228496702332,0.07679510116577148
224,0.25,3.1814087208778172,1.6010157096419841,1.2823491006303878,1.597862034079426,1.6172228496702332,0.07779192924499512
225,0.25,3.1814087208778172,1.6010157096419841,1.2823491006303878,1.597862034079426,1.6172228496702332,0.07779169082641602
226,0.25,3.1814087208778172,1.6010157096419841,1.2823491006303878,1.597862034079426,1.6172228496702332,0.0797872543334961
227,0.25,3.1814087208778172,1.6010157096419841,1.2823491006303878,1.597862034079426,1.6172228496702332,0.07779192924499512
228,0.25,3.1814087208778172,1.6010157096419841,1.2823491006303878,1.597862034079426,1.6172228496702332,0.07280683517456055
229,0.25,3.1814087208778172,1.6010157096419841,1.2823491006303878,1.597862034079426,1.6172228496702332,0.07280540466308594
230,0.25,3.1814087208778172,1.6010157096419841,1.2823491006303878,1.597862034079426,1.6172228496702332,0.09574317932128906
231,0.25,3.1814087208778172,1.6010157096419841,1.2823491006303878,1.597862034079426,1.6172228496702332,0.08373546600341797
232,0.25,3.1814087208778172,1.6010157096419841,1.2823491006303878,1.597862034079426,1.6172228496702332,0.08680129051208496
233,0.25,3.1814087208778172,1.6010157096419841,1.2823491006303878,1.597862034079426,1.6172228496702332,0.08676719665527344
234,0.25,3.1814087208778172,1.6010157096419841,1.2823491006303878,1.597862034079426,1.6172228496702332,0.07376718521118164
235,0.25,3.1814087208778172,1.6010157096419841,1.2823491006303878,1.597862034079426,1.6172228496702332,0.07878780364990234
236,0.25,3.1814087208778172,1.6010157096419841,1.2823491006303878,1.597862034079426,1.6172228496702332,0.07579731941223145
237,0.25,3.1814087208778172,1.6010157096419841,1.2823491006303878,1.597862034079426,1.6172228496702332,0.07779121398925781
238,0.25,3.180949061249882,1.6010157096419841,1.2823491006303878,1.5848085696137346,1.6172228496702332,0.08078265190124512
239,0.25,3.1814087208778172,1.6010157096419841,1.2823491006303878,1.597862034079426,1.6172228496702332,0.0827786922454834
240,0.25,3.180949061249882,1.6010157096419841,1.2823491006303878,1.5848085696137346,1.6172228496702332,0.07779240608215332
241,0.25,3.180949061249882,1.6010157096419841,1.2823491006303878,1.5848085696137346,1.6172228496702332,0.0907285213470459
242,0.25,3.1814087208778172,1.6010157096419841,1.2823491006303878,1.597862034079426,1.6172228496702332,0.0827786922454834
243,0.25,3.1814087208778172,1.6010157096419841,1.2823491006303878,1.597862034079426,1.6172228496702332,0.08776473999023438
244,0.25,3.1814087208778172,1.6010157096419841,1.2823491006303878,1.597862034079426,1.6172228496702332,0.08078432083129883
245,0.25,3.1814087208778172,1.6010157096419841,1.2823491006303878,1.597862034079426,1.6172228496702332,0.09175419807434082
246,0.25,3.1814087208778172,1.6010157096419841,1.2823491006303878,1.597862034079426,1.6172228496702332,0.08373618125915527
247,0.25,3.180949061249882,1.6010157096419841,1.2823491006303878,1.5848085696137346,1.6172228496702332,0.07978677749633789
248,0.25,3.180949061249882,1.6010157096419841,1.2823491006303878,1.5848085696137346,1.6172228496702332,0.08078312873840332
249,0.25,3.180949061249882,1.6010157096419841,1.2823491006303878,1.5848085696137346,1.6172228496702332,0.07779097557067871
250,0.25,3.180949061249882,1.6010157096419841,1.2823491006303878,1.5848085696137346,1.6172228496702332,0.07679557800292969
251,0.25,3.180949061249882,1.6010157096419841,1.2823491006303878,1.5848085696137346,1.6172228496702332,0.07779073715209961
252,0.25,3.180949061249882,1.6010157096419841,1.2823491006303878,1.5848085696137346,1.6172228496702332,0.08976054191589355
253,0.25,3.180949061249882,1.6010157096419841,1.2823491006303878,1.5848085696137346,1.6172228496702332,0.0827784538269043
254,0.25,3.180949061249882,1.6010157096419841,1.2823491006303878,1.5848085696137346,1.6172228496702332,0.08773493766784668
255,0.25,3.180949061249882,1.6010157096419841,1.2823491006303878,1.5848085696137346,1.6172228496702332,0.08377599716186523
256,0.25,3.180949061249882,1.6010157096419841,1.2823491006303878,1.5848085696137346,1.6172228496702332,0.07878828048706055
257,0.25,3.180949061249882,1.6010157096419841,1.2823491006303878,1.5848085696137346,1.6172228496702332,0.0937490463256836
258,0.25,3.180949061249882,1.6010157096419841,1.2823491006303878,1.5848085696137346,1.6172228496702332,0.0867302417755127
259,0.25,3.180949061249882,1.6010157096419841,1.2823491006303878,1.5848085696137346,1.6172228496702332,0.0828087329864502
260,0.25,3.180949061249882,1.6010157096419841,1.2823491006303878,1.5848085696137346,1.6172228496702332,0.08672857284545898
261,0.25,3.180949061249882,1.6010157096419841,1.2823491006303878,1.5848085696137346,1.6172228496702332,0.08872318267822266
262,0.25,3.180949061249882,1.6010157096419841,1.2823491006303878,1.5848085696137346,1.6172228496702332,0.08377432823181152
263,0.25,3.180949061249882,1.6010157096419841,1.2823491006303878,1.5848085696137346,1.6172228496702332,0.07779240608215332
264,0.25,3.180949061249882,1.6010157096419841,1.2823491006303878,1.5848085696137346,1.6172228496702332,0.08078312873840332
265,0.25,3.180949061249882,1.6010157096419841,1.2823491006303878,1.5848085696137346,1.6172228496702332,0.09079098701477051
266,0.25,3.180949061249882,1.6010157096419841,1.2823491006303878,1.5848085696137346,1.6172228496702332,0.0827786922454834
267,0.25,3.180949061249882,1.6010157096419841,1.2823491006303878,1.5848085696137346,1.6172228496702332,0.07878255844116211
268,0.25,3.180949061249882,1.6010157096419841,1.2823491006303878,1.5848085696137346,1.6172228496702332,0.08273553848266602
269,0.25,3.180949061249882,1.6010157096419841,1.2823491006303878,1.5848085696137346,1.6172228496702332,0.07978653907775879
270,0.25,3.180949061249882,1.6010157096419841,1.2823491006303878,1.5848085696137346,1.6172228496702332,0.07779312133789062
271,0.25,3.180949061249882,1.6010157096419841,1.2823491006303878,1.5848085696137346,1.6172228496702332,0.08577084541320801
272,0.25,3.180949061249882,1.6010157096419841,1.2823491006303878,1.5848085696137346,1.6172228496702332,0.08377528190612793
273,0.25,3.180949061249882,1.6010157096419841,1.2823491006303878,1.5848085696137346,1.6172228496702332,0.0967404842376709
274,0.25,3.180949061249882,1.6010157096419841,1.2823491006303878,1.5848085696137346,1.6172228496702332,0.0827786922454834
275,0.25,3.180949061249882,1.6010157096419841,1.2823491006303878,1.5848085696137346,1.6172228496702332,0.08174467086791992
276,0.25,3.180949061249882,1.6010157096419841,1.2823491006303878,1.5848085696137346,1.6172228496702332,0.08876299858093262
277,0.25,3.180949061249882,1.6010157096419841,1.2823491006303878,1.5848085696137346,1.6172228496702332,0.08573555946350098
278,0.25,3.180949061249882,1.6010157096419841,1.2823491006303878,1.5848085696137346,1.6172228496702332,0.08078360557556152
279,0.25,3.180949061249882,1.6010157096419841,1.2823491006303878,1.5848085696137346,1.6172228496702332,0.08078312873840332
280,0.25,3.180949061249882,1.6010157096419841,1.2823491006303878,1.5848085696137346,1.6172228496702332,0.09374785423278809
281,0.25,3.180949061249882,1.6010157096419841,1.2823491006303878,1.5848085696137346,1.6172228496702332,0.0857706069946289
282,0.25,3.180949061249882,1.6010157096419841,1.2823491006303878,1.5848085696137346,1.6172228496702332,0.07974624633789062
283,0.25,3.180949061249882,1.6010157096419841,1.2823491006303878,1.5848085696137346,1.6172228496702332,0.09075593948364258
284,0.25,3.1814087208778172,1.6010157096419841,1.2823491006303878,1.597862034079426,1.6172228496702332,0.08975934982299805
285,0.25,3.180949061249882,1.6010157096419841,1.2823491006303878,1.5848085696137346,1.6172228496702332,0.08976054191589355
286,0.25,3.180949061249882,1.6010157096419841,1.2823491006303878,1.5848085696137346,1.6172228496702332,0.09774041175842285
287,0.25,3.180949061249882,1.6010157096419841,1.2823491006303878,1.5848085696137346,1.6172228496702332,0.09175443649291992
288,0.25,3.180949061249882,1.6010157096419841,1.2823491006303878,1.5848085696137346,1.6172228496702332,0.08776688575744629
289,0.25,3.190199558004608,1.6010157096419841,1.2823491006303878,1.5848085696137346,1.6110319653544303,0.08676767349243164
290,0.25,3.190199558004608,1.6010157096419841,1.2823491006303878,1.5848085696137346,1.6110319653544303,0.09275174140930176
291,0.25,3.190199558004608,1.6010157096419841,1.2823491006303878,1.5848085696137346,1.6110319653544303,0.08975934982299805
292,0.25,3.190199558004608,1.6010157096419841,1.2823491006303878,1.5848085696137346,1.6110319653544303,0.10970520973205566
293,0.25,3.180949061249882,1.6010157096419841,1.2823491006303878,1.5848085696137346,1.6172228496702332,0.09474706649780273
294,0.25,3.190199558004608,1.6010157096419841,1.2823491006303878,1.5848085696137346,1.6110319653544303,0.08474349975585938
295,0.25,3.1906224743398632,1.6010157096419841,1.2823491006303878,1.597862034079426,1.6110319653544303,0.08673572540283203
296,0.25,3.1814087208778172,1.6010157096419841,1.2823491006303878,1.597862034079426,1.6172228496702332,0.09175586700439453
297,0.25,3.1814087208778172,1.6010157096419841,1.2823491006303878,1.597862034079426,1.6172228496702332,0.09873557090759277
298,0.25,3.1906224743398632,1.6010157096419841,1.2823491006303878,1.597862034079426,1.6110319653544303,0.08477306365966797
299,0.25,3.1906224743398632,1.6010157096419841,1.2823491006303878,1.597862034079426,1.6110319653544303,0.10571599006652832
300,0.25,3.1906224743398632,1.6010157096419841,1.2823491006303878,1.597862034079426,1.6110319653544303,0.08277773857116699
301,0.25,3.1906224743398632,1.6010157096419841,1.2823491006303878,1.597862034079426,1.6110319653544303,0.08477330207824707
302,0.25,3.1906224743398632,1.6010157096419841,1.2823491006303878,1.597862034079426,1.6110319653544303,0.08676719665527344
303,0.25,3.1906224743398632,1.6010157096419841,1.2823491006303878,1.597862034079426,1.6110319653544303,0.09674072265625
304,0.25,3.190199558004608,1.6010157096419841,1.2823491006303878,1.5848085696137346,1.6110319653544303,0.10272526741027832
305,0.25,3.190199558004608,1.6010157096419841,1.2823491006303878,1.5848085696137346,1.6110319653544303,0.09773898124694824
306,0.25,3.190199558004608,1.6010157096419841,1.2823491006303878,1.5848085696137346,1.6110319653544303,0.10272645950317383
307,0.25,3.190199558004608,1.6010157096419841,1.2823491006303878,1.5848085696137346,1.6110319653544303,0.0967402458190918
308,0.25,3.190199558004608,1.6010157096419841,1.2823491006303878,1.5848085696137346,1.6110319653544303,0.0857696533203125
309,0.25,3.1906224743398632,1.6010157096419841,1.2823491006303878,1.597862034079426,1.6110319653544303,0.084808349609375
310,0.25,3.1906224743398632,1.6010157096419841,1.2823491006303878,1.597862034079426,1.6110319653544303,0.09071993827819824
311,0.25,3.1906224743398632,1.6010157096419841,1.2823491006303878,1.597862034079426,1.6110319653544303,0.09674239158630371
312,0.25,3.1906224743398632,1.6010157096419841,1.2823491006303878,1.597862034079426,1.6110319653544303,0.08876204490661621
313,0.25,3.1906224743398632,1.6010157096419841,1.2823491006303878,1.597862034079426,1.6110319653544303,0.09178519248962402
314,0.25,3.190199558004608,1.6010157096419841,1.2823491006303878,1.5848085696137346,1.6110319653544303,0.09674286842346191
315,0.25,3.1906224743398632,1.6010157096419841,1.2823491006303878,1.597862034079426,1.6110319653544303,0.10567522048950195
316,0.25,3.1906224743398632,1.6010157096419841,1.2823491006303878,1.597862034079426,1.6110319653544303,0.09973359107971191
317,0.25,3.1906224743398632,1.6010157096419841,1.2823491006303878,1.597862034079426,1.6110319653544303,0.09770774841308594
318,0.25,3.190199558004608,1.6010157096419841,1.2823491006303878,1.5848085696137346,1.6110319653544303,0.09474706649780273
319,0.25,3.190199558004608,1.6010157096419841,1.2823491006303878,1.5848085696137346,1.6110319653544303,0.09876728057861328
320,0.25,3.190199558004608,1.6010157096419841,1.2823491006303878,1.5848085696137346,1.6110319653544303,0.09374833106994629
321,0.25,3.190199558004608,1.6010157096419841,1.2823491006303878,1.5848085696137346,1.6110319653544303,0.09577584266662598
322,0.25,3.1906224743398632,1.6010157096419841,1.2823491006303878,1.597862034079426,1.6110319653544303,0.08976030349731445
323,0.25,3.1906224743398632,1.6010157096419841,1.2823491006303878,1.597862034079426,1.6110319653544303,0.09770417213439941
324,0.25,3.1906224743398632,1.6010157096419841,1.2823491006303878,1.597862034079426,1.6110319653544303,0.10068893432617188
325,0.25,3.1906224743398632,1.6010157096419841,1.2823491006303878,1.597862034079426,1.6110319653544303,0.09178638458251953
326,0.25,3.1906224743398632,1.6010157096419841,1.2823491006303878,1.597862034079426,1.6110319653544303,0.08776450157165527
327,0.25,3.1814087208778172,1.6010157096419841,1.2823491006303878,1.597862034079426,1.6172228496702332,0.0977025032043457
328,0.25,3.1814087208778172,1.6010157096419841,1.2823491006303878,1.597862034079426,1.6172228496702332,0.09973359107971191
329,0.25,3.1814087208778172,1.6010157096419841,1.2823491006303878,1.597862034079426,1.6172228496702332,0.09275269508361816
330,0.25,3.1814087208778172,1.6010157096419841,1.2823491006303878,1.597862034079426,1.6172228496702332,0.09873437881469727
331,0.25,3.1814087208778172,1.6010157096419841,1.2823491006303878,1.597862034079426,1.6172228496702332,0.08776497840881348
332,0.25,3.1814087208778172,1.6010157096419841,1.2823491006303878,1.597862034079426,1.6172228496702332,0.10073113441467285
333,0.25,3.1906224743398632,1.6010157096419841,1.2823491006303878,1.597862034079426,1.6110319653544303,0.09275245666503906
334,0.25,3.1906224743398632,1.6010157096419841,1.2823491006303878,1.597862034079426,1.6110319653544303,0.09371066093444824
335,0.25,3.1814087208778172,1.6010157096419841,1.2823491006303878,1.597862034079426,1.6172228496702332,0.09570074081420898
336,0.25,3.1814087208778172,1.6010157096419841,1.2823491006303878,1.597862034079426,1.6172228496702332,0.0967404842376709
337,0.25,3.1814087208778172,1.6010157096419841,1.2823491006303878,1.597862034079426,1.6172228496702332,0.09674191474914551
338,0.25,3.1814087208778172,1.6010157096419841,1.2823491006303878,1.597862034079426,1.6172228496702332,0.08676719665527344
339,0.25,3.1814087208778172,1.6010157096419841,1.2823491006303878,1.597862034079426,1.6172228496702332,0.09673047065734863
340,0.25,3.1814087208778172,1.6010157096419841,1.2823491006303878,1.597862034079426,1.6172228496702332,0.08876395225524902
341,0.25,3.1814087208778172,1.6010157096419841,1.2823491006303878,1.597862034079426,1.6172228496702332,0.08872032165527344
342,0.25,3.1814087208778172,1.6010157096419841,1.2823491006303878,1.597862034079426,1.6172228496702332,0.08975863456726074
343,0.25,3.1814087208778172,1.6010157096419841,1.2823491006303878,1.597862034079426,1.6172228496702332,0.09275221824645996
344,0.25,3.1814087208778172,1.6010157096419841,1.2823491006303878,1.597862034079426,1.6172228496702332,0.08975911140441895
345,0.25,3.1814087208778172,1.6010157096419841,1.2823491006303878,1.597862034079426,1.6172228496702332,0.10267210006713867
346,0.25,3.1814087208778172,1.6010157096419841,1.2823491006303878,1.597862034079426,1.6172228496702332,0.0997316837310791
347,0.25,3.1814087208778172,1.6010157096419841,1.2823491006303878,1.597862034079426,1.6172228496702332,0.0967409610748291
348,0.25,3.1814087208778172,1.6010157096419841,1.2823491006303878,1.597862034079426,1.6172228496702332,0.09075736999511719
349,0.25,3.1814087208778172,1.6010157096419841,1.2823491006303878,1.597862034079426,1.6172228496702332,0.09270954132080078
350,0.25,3.1814087208778172,1.6010157096419841,1.2823491006303878,1.597862034079426,1.6172228496702332,0.0997319221496582
351,0.25,3.1814087208778172,1.6010157096419841,1.2823491006303878,1.597862034079426,1.6172228496702332,0.10275578498840332
352,0.25,3.1814087208778172,1.6010157096419841,1.2823491006303878,1.597862034079426,1.6172228496702332,0.09275221824645996
353,0.25,3.1814087208778172,1.6010157096419841,1.2823491006303878,1.597862034079426,1.6172228496702332,0.11269736289978027
354,0.25,3.1814087208778172,1.6010157096419841,1.2823491006303878,1.597862034079426,1.6172228496702332,0.10267400741577148
355,0.25,3.1814087208778172,1.6010157096419841,1.2823491006303878,1.597862034079426,1.6172228496702332,0.09172391891479492
356,0.25,3.1814087208778172,1.6010157096419841,1.2823491006303878,1.597862034079426,1.6172228496702332,0.09075617790222168
357,0.25,3.1814087208778172,1.6010157096419841,1.2823491006303878,1.597862034079426,1.6172228496702332,0.09078741073608398
358,0.25,3.1814087208778172,1.6010157096419841,1.2823491006303878,1.597862034079426,1.6172228496702332,0.09170866012573242
359,0.25,3.1814087208778172,1.6010157096419841,1.2823491006303878,1.597862034079426,1.6172228496702332,0.10172748565673828
360,0.25,3.1814087208778172,1.6010157096419841,1.2823491006303878,1.597862034079426,1.6172228496702332,0.09071898460388184
361,0.25,3.1814087208778172,1.6010157096419841,1.2823491006303878,1.597862034079426,1.6172228496702332,0.10368776321411133
362,0.25,3.1814087208778172,1.6010157096419841,1.2823491006303878,1.597862034079426,1.6172228496702332,0.10671544075012207
363,0.25,3.1814087208778172,1.6010157096419841,1.2823491006303878,1.597862034079426,1.6172228496702332,0.09175467491149902
364,0.25,3.1814087208778172,1.6010157096419841,1.2823491006303878,1.597862034079426,1.6172228496702332,0.09275245666503906
365,0.25,3.1814087208778172,1.6010157096419841,1.2823491006303878,1.597862034079426,1.6172228496702332,0.10471844673156738
366,0.25,3.1906224743398632,1.6010157096419841,1.2823491006303878,1.597862034079426,1.6110319653544303,0.09474611282348633
367,0.25,3.1906224743398632,1.6010157096419841,1.2823491006303878,1.597862034079426,1.6110319653544303,0.10375356674194336
368,0.25,3.1906224743398632,1.6010157096419841,1.2823491006303878,1.597862034079426,1.6110319653544303,0.11366581916809082
369,0.25,3.1906224743398632,1.6010157096419841,1.2823491006303878,1.597862034079426,1.6110319653544303,0.10574793815612793
370,0.25,3.190199558004608,1.6010157096419841,1.2823491006303878,1.5848085696137346,1.6110319653544303,0.10671448707580566
371,0.25,3.190199558004608,1.6010157096419841,1.2823491006303878,1.5848085696137346,1.6110319653544303,0.11668658256530762
372,0.25,3.180949061249882,1.6010157096419841,1.2823491006303878,1.5848085696137346,1.6172228496702332,0.10672283172607422
373,0.25,3.180949061249882,1.6010157096419841,1.2823491006303878,1.5848085696137346,1.6172228496702332,0.09273767471313477
374,0.25,3.180949061249882,1.6010157096419841,1.2823491006303878,1.5848085696137346,1.6172228496702332,0.09973287582397461
375,0.25,3.180949061249882,1.6010157096419841,1.2823491006303878,1.5848085696137346,1.6172228496702332,0.09474515914916992
376,0.25,3.190199558004608,1.6010157096419841,1.2823491006303878,1.5848085696137346,1.6110319653544303,0.12366914749145508
377,0.25,3.190199558004608,1.6010157096419841,1.2823491006303878,1.5848085696137346,1.6110319653544303,0.1047203540802002
378,0.25,3.190199558004608,1.6010157096419841,1.2823491006303878,1.5848085696137346,1.6110319653544303,0.09374856948852539
379,0.25,3.1906224743398632,1.6010157096419841,1.2823491006303878,1.597862034079426,1.6110319653544303,0.11569094657897949
380,0.25,3.1906224743398632,1.6010157096419841,1.2823491006303878,1.597862034079426,1.6110319653544303,0.09870386123657227
381,0.25,3.1906224743398632,1.6010157096419841,1.2823491006303878,1.597862034079426,1.6110319653544303,0.11668705940246582
382,0.25,3.1906224743398632,1.6010157096419841,1.2823491006303878,1.597862034079426,1.6110319653544303,0.11768436431884766
383,0.25,3.1814087208778172,1.6010157096419841,1.2823491006303878,1.597862034079426,1.6172228496702332,0.10970687866210938
384,0.25,3.180949061249882,1.6010157096419841,1.2823491006303878,1.5848085696137346,1.6172228496702332,0.09671139717102051
385,0.25,3.180949061249882,1.6010157096419841,1.2823491006303878,1.5848085696137346,1.6172228496702332,0.10175895690917969
386,0.25,3.190199558004608,1.6010157096419841,1.2823491006303878,1.5848085696137346,1.6110319653544303,0.10970807075500488
387,0.25,3.190199558004608,1.6010157096419841,1.2823491006303878,1.5848085696137346,1.6110319653544303,0.10269451141357422
388,0.25,3.180949061249882,1.6010157096419841,1.2823491006303878,1.5848085696137346,1.6172228496702332,0.0937185287475586
389,0.25,3.190199558004608,1.6010157096419841,1.2823491006303878,1.5848085696137346,1.6110319653544303,0.09973311424255371
390,0.25,3.190199558004608,1.6010157096419841,1.2823491006303878,1.5848085696137346,1.6110319653544303,0.11469316482543945
391,0.25,3.180949061249882,1.6010157096419841,1.2823491006303878,1.5848085696137346,1.6172228496702332,0.10269451141357422
392,0.25,3.180949061249882,1.6010157096419841,1.2823491006303878,1.5848085696137346,1.6172228496702332,0.09873437881469727
393,0.25,3.190199558004608,1.6010157096419841,1.2823491006303878,1.5848085696137346,1.6110319653544303,0.09669852256774902
394,0.25,3.1906224743398632,1.6010157096419841,1.2823491006303878,1.597862034079426,1.6110319653544303,0.10970616340637207
395,0.25,3.1906224743398632,1.6010157096419841,1.2823491006303878,1.597862034079426,1.6110319653544303,0.0967104434967041
396,0.25,3.1906224743398632,1.6010157096419841,1.2823491006303878,1.597862034079426,1.6110319653544303,0.10874009132385254
397,0.25,3.1906224743398632,1.6010157096419841,1.2823491006303878,1.597862034079426,1.6110319653544303,0.0997319221496582
398,0.25,3.1906224743398632,1.6010157096419841,1.2823491006303878,1.597862034079426,1.6110319653544303,0.11967992782592773
399,0.25,3.1906224743398632,1.6010157096419841,1.2823491006303878,1.597862034079426,1.6110319653544303,0.09777140617370605
400,0.25,3.1906224743398632,1.6010157096419841,1.2823491006303878,1.597862034079426,1.6110319653544303,0.09773731231689453
401,0.25,3.1906224743398632,1.6010157096419841,1.2823491006303878,1.597862034079426,1.6110319653544303,0.11469388008117676
402,0.25,3.1906224743398632,1.6010157096419841,1.2823491006303878,1.597862034079426,1.6110319653544303,0.1077117919921875
403,0.25,3.1814087208778172,1.6010157096419841,1.2823491006303878,1.597862034079426,1.6172228496702332,0.11369585990905762
404,0.25,3.1906224743398632,1.6010157096419841,1.2823491006303878,1.597862034079426,1.6110319653544303,0.10275793075561523
405,0.25,3.1814087208778172,1.6010157096419841,1.2823491006303878,1.597862034079426,1.6172228496702332,0.10770058631896973
406,0.25,3.1906224743398632,1.6010157096419841,1.2823491006303878,1.597862034079426,1.6110319653544303,0.10372376441955566
407,0.25,3.1906224743398632,1.6010157096419841,1.2823491006303878,1.597862034079426,1.6110319653544303,0.10172724723815918
408,0.25,3.1906224743398632,1.6010157096419841,1.2823491006303878,1.597862034079426,1.6110319653544303,0.12067723274230957
409,0.25,3.1814087208778172,1.6010157096419841,1.2823491006303878,1.597862034079426,1.6172228496702332,0.10970568656921387
410,0.25,3.1906224743398632,1.6010157096419841,1.2823491006303878,1.597862034079426,1.6110319653544303,0.1296532154083252
411,0.25,3.1814087208778172,1.6010157096419841,1.2823491006303878,1.597862034079426,1.6172228496702332,0.11569023132324219
412,0.25,3.190199558004608,1.6010157096419841,1.2823491006303878,1.5848085696137346,1.6110319653544303,0.09774160385131836
413,0.25,3.1814087208778172,1.6010157096419841,1.2823491006303878,1.597862034079426,1.6172228496702332,0.10073113441467285
414,0.25,3.1814087208778172,1.6010157096419841,1.2823491006303878,1.597862034079426,1.6172228496702332,0.10771059989929199
415,0.25,3.1906224743398632,1.6010157096419841,1.2823491006303878,1.597862034079426,1.6110319653544303,0.10568380355834961
416,0.25,3.1906224743398632,1.6010157096419841,1.2823491006303878,1.597862034079426,1.6110319653544303,0.1077120304107666
417,0.25,3.190199558004608,1.6010157096419841,1.2823491006303878,1.5848085696137346,1.6110319653544303,0.09770822525024414
418,0.25,3.1906224743398632,1.6010157096419841,1.2823491006303878,1.597862034079426,1.6110319653544303,0.10372114181518555
419,0.25,3.1906224743398632,1.6010157096419841,1.2823491006303878,1.597862034079426,1.6110319653544303,0.10870838165283203
420,0.25,3.190199558004608,1.6010157096419841,1.2823491006303878,1.5848085696137346,1.6110319653544303,0.12167572975158691
421,0.25,3.180949061249882,1.6010157096419841,1.2823491006303878,1.5848085696137346,1.6172228496702332,0.11369442939758301
422,0.25,3.1814087208778172,1.6010157096419841,1.2823491006303878,1.597862034079426,1.6172228496702332,0.10372185707092285
423,0.25,3.1814087208778172,1.6010157096419841,1.2823491006303878,1.597862034079426,1.6172228496702332,0.11668896675109863
424,0.25,3.1814087208778172,1.6010157096419841,1.2823491006303878,1.597862034079426,1.6172228496702332,0.09873414039611816
425,0.25,3.1906224743398632,1.6010157096419841,1.2823491006303878,1.597862034079426,1.6110319653544303,0.10475015640258789
426,0.25,3.1906224743398632,1.6010157096419841,1.2823491006303878,1.597862034079426,1.6110319653544303,0.10073065757751465
427,0.25,3.1906224743398632,1.6010157096419841,1.2823491006303878,1.597862034079426,1.6110319653544303,0.12566447257995605
428,0.25,3.1906224743398632,1.6010157096419841,1.2823491006303878,1.597862034079426,1.6110319653544303,0.10073232650756836
429,0.25,3.1906224743398632,1.6010157096419841,1.2823491006303878,1.597862034079426,1.6110319653544303,0.10169792175292969
430,0.25,3.1906224743398632,1.6010157096419841,1.2823491006303878,1.597862034079426,1.6110319653544303,0.11768412590026855
431,0.25,3.1906224743398632,1.6010157096419841,1.2823491006303878,1.597862034079426,1.6110319653544303,0.10272502899169922
432,0.25,3.1906224743398632,1.6010157096419841,1.2823491006303878,1.597862034079426,1.6110319653544303,0.10870885848999023
433,0.25,3.1906224743398632,1.6010157096419841,1.2823491006303878,1.597862034079426,1.6110319653544303,0.10970783233642578
434,0.25,3.1906224743398632,1.6010157096419841,1.2823491006303878,1.597862034079426,1.6110319653544303,0.12267255783081055
435,0.25,3.1906224743398632,1.6010157096419841,1.2823491006303878,1.597862034079426,1.6110319653544303,0.12267136573791504
436,0.25,3.1906224743398632,1.6010157096419841,1.2823491006303878,1.597862034079426,1.6110319653544303,0.1077415943145752
437,0.25,3.1906224743398632,1.6010157096419841,1.2823491006303878,1.597862034079426,1.6110319653544303,0.1017599105834961
438,0.25,3.1906224743398632,1.6010157096419841,1.2823491006303878,1.597862034079426,1.6110319653544303,0.1216742992401123
439,0.25,3.1906224743398632,1.6010157096419841,1.2823491006303878,1.597862034079426,1.6110319653544303,0.10272431373596191
440,0.25,3.1906224743398632,1.6010157096419841,1.2823491006303878,1.597862034079426,1.6110319653544303,0.11269688606262207
441,0.25,3.1906224743398632,1.6010157096419841,1.2823491006303878,1.597862034079426,1.6110319653544303,0.10372257232666016
442,0.25,3.1906224743398632,1.6010157096419841,1.2823491006303878,1.597862034079426,1.6110319653544303,0.10970592498779297
443,0.25,3.1906224743398632,1.6010157096419841,1.2823491006303878,1.597862034079426,1.6110319653544303,0.10967206954956055
444,0.25,3.1906224743398632,1.6010157096419841,1.2823491006303878,1.597862034079426,1.6110319653544303,0.10970664024353027
445,0.25,3.190199558004608,1.6010157096419841,1.2823491006303878,1.5848085696137346,1.6110319653544303,0.10471940040588379
446,0.25,3.190199558004608,1.6010157096419841,1.2823491006303878,1.5848085696137346,1.6110319653544303,0.11568999290466309
447,0.25,3.1906224743398632,1.6010157096419841,1.2823491006303878,1.597862034079426,1.6110319653544303,0.11967873573303223
448,0.25,3.180949061249882,1.6010157096419841,1.2823491006303878,1.5848085696137346,1.6172228496702332,0.10671520233154297
449,0.25,3.180949061249882,1.6010157096419841,1.2823491006303878,1.5848085696137346,1.6172228496702332,0.10571694374084473
450,0.25,3.190199558004608,1.6010157096419841,1.2823491006303878,1.5848085696137346,1.6110319653544303,0.1047201156616211
451,0.25,3.190199558004608,1.6010157096419841,1.2823491006303878,1.5848085696137346,1.6110319653544303,0.10771036148071289
452,0.25,3.180949061249882,1.6010157096419841,1.2823491006303878,1.5848085696137346,1.6172228496702332,0.11668777465820312
453,0.25,3.180949061249882,1.6010157096419841,1.2823491006303878,1.5848085696137346,1.6172228496702332,0.1126701831817627
454,0.25,3.180949061249882,1.6010157096419841,1.2823491006303878,1.5848085696137346,1.6172228496702332,0.11170148849487305
455,0.25,3.190199558004608,1.6010157096419841,1.2823491006303878,1.5848085696137346,1.6110319653544303,0.10471963882446289
456,0.25,3.180949061249882,1.6010157096419841,1.2823491006303878,1.5848085696137346,1.6172228496702332,0.11369752883911133
457,0.25,3.1814087208778172,1.6010157096419841,1.2823491006303878,1.597862034079426,1.6172228496702332,0.11369466781616211
458,0.25,3.1906224743398632,1.6010157096419841,1.2823491006303878,1.597862034079426,1.6110319653544303,0.10571599006652832
459,0.25,3.1906224743398632,1.6010157096419841,1.2823491006303878,1.597862034079426,1.6110319653544303,0.11170196533203125
460,0.25,3.1906224743398632,1.6010157096419841,1.2823491006303878,1.597862034079426,1.6110319653544303,0.10671472549438477
461,0.25,3.1906224743398632,1.6010157096419841,1.2823491006303878,1.597862034079426,1.6110319653544303,0.11369609832763672
462,0.25,3.1906224743398632,1.6010157096419841,1.2823491006303878,1.597862034079426,1.6110319653544303,0.10671472549438477
463,0.25,3.1906224743398632,1.6010157096419841,1.2823491006303878,1.597862034079426,1.6110319653544303,0.1047213077545166
464,0.25,3.1906224743398632,1.6010157096419841,1.2823491006303878,1.597862034079426,1.6110319653544303,0.10671377182006836
465,0.25,3.1906224743398632,1.6010157096419841,1.2823491006303878,1.597862034079426,1.6110319653544303,0.1356372833251953
466,0.25,3.1906224743398632,1.6010157096419841,1.2823491006303878,1.597862034079426,1.6110319653544303,0.11971092224121094
467,0.25,3.1906224743398632,1.6010157096419841,1.2823491006303878,1.597862034079426,1.6110319653544303,0.11868143081665039
468,0.25,3.1906224743398632,1.6010157096419841,1.2823491006303878,1.597862034079426,1.6110319653544303,0.11967873573303223
469,0.25,3.1906224743398632,1.6010157096419841,1.2823491006303878,1.597862034079426,1.6110319653544303,0.10867738723754883
470,0.25,3.1906224743398632,1.6010157096419841,1.2823491006303878,1.597862034079426,1.6110319653544303,0.11170339584350586
471,0.25,3.1906224743398632,1.6010157096419841,1.2823491006303878,1.597862034079426,1.6110319653544303,0.11867594718933105
472,0.25,3.1906224743398632,1.6010157096419841,1.2823491006303878,1.597862034079426,1.6110319653544303,0.11365246772766113
473,0.25,3.1814087208778172,1.6010157096419841,1.2823491006303878,1.597862034079426,1.6172228496702332,0.11971139907836914
474,0.25,3.1814087208778172,1.6010157096419841,1.2823491006303878,1.597862034079426,1.6172228496702332,0.11668825149536133
475,0.25,3.190199558004608,1.6010157096419841,1.2823491006303878,1.5848085696137346,1.6110319653544303,0.11365771293640137
476,0.25,3.1814087208778172,1.6010157096419841,1.2823491006303878,1.597862034079426,1.6172228496702332,0.12765836715698242
477,0.25,3.1906224743398632,1.6010157096419841,1.2823491006303878,1.597862034079426,1.6110319653544303,0.10574960708618164
478,0.25,3.1906224743398632,1.6010157096419841,1.2823491006303878,1.597862034079426,1.6110319653544303,0.10571646690368652
479,0.25,3.1906224743398632,1.6010157096419841,1.2823491006303878,1.597862034079426,1.6110319653544303,0.13364291191101074
480,0.25,3.1906224743398632,1.6010157096419841,1.2823491006303878,1.597862034079426,1.6110319653544303,0.10970640182495117
481,0.25,3.1906224743398632,1.6010157096419841,1.2823491006303878,1.597862034079426,1.6110319653544303,0.1077110767364502
482,0.25,3.1814087208778172,1.6010157096419841,1.2823491006303878,1.597862034079426,1.6172228496702332,0.12566423416137695
483,0.25,3.1814087208778172,1.6010157096419841,1.2823491006303878,1.597862034079426,1.6172228496702332,0.12765884399414062
484,0.25,3.1906224743398632,1.6010157096419841,1.2823491006303878,1.597862034079426,1.6110319653544303,0.11668729782104492
485,0.25,3.1814087208778172,1.6010157096419841,1.2823491006303878,1.597862034079426,1.6172228496702332,0.11668801307678223
486,0.25,3.1814087208778172,1.6010157096419841,1.2823491006303878,1.597862034079426,1.6172228496702332,0.12366962432861328
487,0.25,3.1906224743398632,1.6010157096419841,1.2823491006303878,1.597862034079426,1.6110319653544303,0.11668801307678223
488,0.25,3.1906224743398632,1.6010157096419841,1.2823491006303878,1.597862034079426,1.6110319653544303,0.11170125007629395
489,0.25,3.1814087208778172,1.6010157096419841,1.2823491006303878,1.597862034079426,1.6172228496702332,0.10870790481567383
490,0.25,3.1906224743398632,1.6010157096419841,1.2823491006303878,1.597862034079426,1.6110319653544303,0.11668777465820312
491,0.25,3.1906224743398632,1.6010157096419841,1.2823491006303878,1.597862034079426,1.6110319653544303,0.1216742992401123
492,0.25,3.1906224743398632,1.6010157096419841,1.2823491006303878,1.597862034079426,1.6110319653544303,0.11968064308166504
493,0.25,3.1814087208778172,1.6010157096419841,1.2823491006303878,1.597862034079426,1.6172228496702332,0.12267112731933594
494,0.25,3.1814087208778172,1.6010157096419841,1.2823491006303878,1.597862034079426,1.6172228496702332,0.1236581802368164
495,0.25,3.1906224743398632,1.6010157096419841,1.2823491006303878,1.597862034079426,1.6110319653544303,0.12166881561279297
496,0.25,3.1814087208778172,1.6010157096419841,1.2823491006303878,1.597862034079426,1.6172228496702332,0.11170148849487305
497,0.25,3.1814087208778172,1.6010157096419841,1.2823491006303878,1.597862034079426,1.6172228496702332,0.11965656280517578
498,0.25,3.1814087208778172,1.6010157096419841,1.2823491006303878,1.597862034079426,1.6172228496702332,0.10870885848999023
